coordinate	score
hg38:chr9:127578816:C:T	0.000441794
hg38:chr9:127578974:A:G	0.000278575
hg38:chr9:127579080:A:G	-0.000298992
hg38:chr9:127663498:C:T	0.000198428
hg38:chr9:127674824:G:T	0.00168275
hg38:chr9:127679143:G:T	0.000893275
hg38:chr9:127715316:C:T	-0.00184482
hg38:chr9:127717702:G:A	0.000562736
hg38:chr9:127719319:C:G	0.00100546
hg38:chr9:127732678:T:C	-0.00023705
hg38:chr9:127741791:G:A	0.00176299
hg38:chr9:127749702:C:T	-0.000489383
hg38:chr9:127762538:C:T	-0.001117
hg38:chr9:127766269:C:T	-0.00178066
hg38:chr9:127769320:A:G	-0.00023127
hg38:chr9:127770157:A:G	8.66577e-05
hg38:chr9:127770360:G:C	-0.000279301
hg38:chr9:127770493:C:T	0.00114507
hg38:chr9:127774438:G:A	0.110407
hg38:chr9:127788874:G:A	-0.000525164
hg38:chr9:127802988:A:G	-0.000443199
hg38:chr9:127816125:A:G	-0.00220549
hg38:chr9:127817320:C:T	-0.000145674
hg38:chr9:127817814:T:C	-0.0014992
hg38:chr9:127819444:A:G	0.000377246
hg38:chr9:127824409:G:A	-0.000613745
hg38:chr9:127839297:C:T	-0.000113965
hg38:chr9:127839326:A:G	0.000722383
hg38:chr9:127843106:C:T	-0.000405308
hg38:chr9:127848549:G:A	-0.000184023
hg38:chr9:127848566:G:A	0.000697168
hg38:chr9:127848590:A:G	0.00096409
hg38:chr9:127854679:T:C	0.000545369
hg38:chr9:127855439:T:C	0.000216117
hg38:chr9:127857921:T:C	-0.000874131
hg38:chr9:127860923:A:G	-0.000657012
hg38:chr9:127862790:C:G	-0.000394387
hg38:chr9:127866860:T:G	-8.17106e-05
hg38:chr9:127868151:A:G	-0.0019406
hg38:chr9:127868360:A:G	-0.00156402
hg38:chr9:127868913:C:G	0.00100203
hg38:chr9:127868919:C:T	-0.00160272
hg38:chr9:127868921:C:G	-0.00184225
hg38:chr9:127868935:C:T	-0.000311336
hg38:chr9:127871620:G:C	0.000748172
hg38:chr9:127871625:T:G	0.000471911
hg38:chr9:127872665:T:C	4.9689e-05
hg38:chr9:127873579:G:A	-0.00185042
hg38:chr9:127885304:T:C	0.000721486
hg38:chr9:127886401:G:A	0.000353101
hg38:chr9:127886832:G:A	-0.000468057
hg38:chr9:127890521:G:A	0.000249633
hg38:chr9:127898531:A:G	0.000391645
hg38:chr9:127898957:C:A	0.00101353
hg38:chr9:127899190:C:G	-0.000314001
hg38:chr9:127905999:T:A	0.000980687
hg38:chr9:127908253:C:T	-0.000880526
hg38:chr9:127908373:A:G	0.000243462
hg38:chr9:127908624:C:A	0.00068461
hg38:chr9:127909827:A:G	-0.000271745
hg38:chr9:127909942:C:T	0.000599279
hg38:chr9:127911117:C:A	0.000350625
hg38:chr9:127912441:C:T	-0.000937323
hg38:chr9:127926751:G:A	0.000340426
hg38:chr9:127928133:G:C	0.000901333
hg38:chr9:127935750:G:C	0.000298547
hg38:chr9:127935764:A:G	0.000674206
hg38:chr9:127937638:G:A	-0.000867642
hg38:chr9:127937721:G:C	-0.000695655
hg38:chr9:127937972:T:C	0.000556711
hg38:chr9:127940260:G:A	-0.00167168
hg38:chr9:127944802:A:G	0.000749307
hg38:chr9:127948447:A:G	-0.000151024
hg38:chr9:127948512:T:C	0.000849447
hg38:chr9:127948694:C:T	0.000942163
hg38:chr9:127950212:T:C	-0.00031523
hg38:chr9:127950534:G:A	0.00104777
hg38:chr9:127951029:A:C	-0.00254076
hg38:chr9:127953643:A:G	-0.00074416
hg38:chr9:127955698:A:G	0.00190215
hg38:chr9:127959766:G:A	0.0017091
hg38:chr9:127964491:A:T	-0.115165
hg38:chr9:127967264:G:C	-0.00181083
hg38:chr9:127971427:C:T	0.00184909
hg38:chr9:127983677:C:G	0.00114166
hg38:chr9:127983686:A:G	0.00134398
hg38:chr9:127988610:G:T	0.000690003
hg38:chr9:127989230:G:A	0.00156022
hg38:chr9:127989317:G:A	0.000982361
hg38:chr9:127989918:C:T	0.00203794
hg38:chr9:127990497:C:T	-0.00130831
hg38:chr9:127990752:T:C	0.00140212
hg38:chr9:127992604:T:G	0.00210656
hg38:chr9:127997050:T:C	0.00151254
hg38:chr9:128001961:G:A	0.000359349
hg38:chr9:128016235:T:C	-0.000831021
hg38:chr9:128021434:C:T	-0.000168234
hg38:chr9:128023923:A:T	-0.000417916
hg38:chr9:128025295:G:T	-0.000673127
